951399129-65;Luiza Barbosa; Escadaria Aníbal Eugênio dos Santos, no. 33, cep 794399-102, São Cristóvão, Iconha, BA; 929071149
776969837-04;Heitor Silva Barros; Beco Anísio Pereira do Nascimento, no. 8, cep 297106-145, Fradinhos, Vitória, MS; 923285539
769954560-61;Lorenzo Martins; Rua André Rodrigues Pedro, no. 4, cep 806857-174, Bonfim, Vitória, PE; 918349763
799294087-40;Rafaela Lima Pereira; Rua Anselmo Serrat, no. 75, cep 24227-426, Bento Ferreira, Jacaraípe, CE; 911475853
863716788-56;Maria Eduarda Barros Almeida; Rua Antônio Aleixo, no. 36, cep 23367-557, Enseada do Suá, Cachoeiro, MT; 960451748
641748048-85;Lucas Pereira Dias Fernandes; Rua Angelindo Carareto, no. 38, cep 580081-978, Monte Belo, Linhares, PI; 913839348
840168777-39;Isabelly Nascimento; Beco Antenor Falcão, no. 25, cep 488762-492, Santo André, Serra, PE; 891553674
977050575-66;Maitê Santos Araújo Fernandes; Travessa Ângelo Zardine, no. 100, cep 782103-116, Itararé, Iconha, TO; 951766331
666924459-89;Cecília Barbosa Gomes Oliveira; Beco Anísio Pereira do Nascimento, no. 8, cep 974939-568, Maria Ortiz, Jacaraípe, RS; 884524299
677686151-68;Enzo Gabriel Gomes Pinto; Rua Anselmo Serrat, no. 1, cep 692126-379, Santa Lúcia, Linhares, RS; 989852618
933117601-82;Benício Cavalcanti Costa Carvalho; Rua Alfredo Otto Drews, no. 79, cep 69141-589, Santo André, Muniz Freire, SP; 951526938
977278270-64;Luiza Rocha Fernandes Carvalho; Rua Antenor Guimarães, no. 70, cep 768002-080, Boa Vista, Iúna, MA; 967850506
726222966-25;Matheus Freitas Rocha Rodrigues; Escadaria Antípo Francisco do Nascimento, no. 87, cep 825473-244, Monte Belo, Manguinhos, MT; 880981961
782564089-47;Guilherme Dias Alves Gomes; Rua Anselmo Serrat, no. 60, cep 171937-424, Solon Borges, Nova Venécia, AC; 936636769
829093487-00;João Pedro Martins Barros Ribeiro; Beco Antenor Falcão, no. 77, cep 386600-076, Bela Vista, Cariacica, GO; 886749190
969414516-76;Rafael Costa; Beco Andrelino Lucas dos Santos, no. 40, cep 725473-912, Caratoíra, Alegre, PR; 941104933
738254302-27;Rafaela Lima Costa; Beco Antenor Falcão, no. 9, cep 509068-090, Maruípe, Iconha, RJ; 903414465
772436258-42;Antônio Nascimento Fernandes Barbosa; Rua Ângelo Carão, no. 92, cep 621611-470, Cruzamento, Nova Venécia, DF; 969204375
624058233-42;Júlia Araújo; Praça Anita Francisca Crystello, no. 45, cep 101348-445, São Cristóvão, Colatina, SE; 918134385
783787038-32;Pedro Henrique Monteiro Araújo Carvalho; Rua Antiocho Carneiro de Mendonça, no. 11, cep 616587-281, Horto, Manguinhos, RR; 937319159
889932585-07;Rafaela Mendes Cardoso Silva; Rua Anníbal Vieira Rabayolli, no. 55, cep 275383-159, Bento Ferreira, Nova Venécia, MA; 907563336
763253964-24;Antonella Castro Araújo; Travessa Alfredo Sampaio, no. 12, cep 961726-523, Jardim da Penha, Nova Almeida, PI; 884361197
723979003-30;Isabelly Barbosa; Ladeira Anthero Braído, no. 94, cep 759718-258, Bonfim, Colatina, DF; 984560596
777023000-71;Yasmin Santos; Travessa Ângelo Zardine, no. 60, cep 452381-532, Maruípe, Iconha, SC; 908881506
832491744-37;Ana Clara Castro Silva; Beco Andrelino Lucas dos Santos, no. 23, cep 664093-729, Morada de Camburi, Jacaraípe, AP; 966100543