[
    {
        "celular": "923285539",
        "cpf": "776969837-04",
        "end": "Beco An\u00edsio Pereira do Nascimento, no. 8, cep 297106-145, Fradinhos, Vit\u00f3ria",
        "nome": "Heitor Silva Barros"
    },
    {
        "celular": "918349763",
        "cpf": "769954560-61",
        "end": "Rua Andr\u00e9 Rodrigues Pedro, no. 4, cep 806857-174, Bonfim, Vit\u00f3ria",
        "nome": "Lorenzo Martins"
    },
    {
        "celular": "911475853",
        "cpf": "799294087-40",
        "end": "Rua Anselmo Serrat, no. 75, cep 24227-426, Bento Ferreira, Jacara\u00edpe",
        "nome": "Rafaela Lima Pereira"
    },
    {
        "celular": "960451748",
        "cpf": "863716788-56",
        "end": "Rua Ant\u00f4nio Aleixo, no. 36, cep 23367-557, Enseada do Su\u00e1, Cachoeiro",
        "nome": "Maria Eduarda Barros Almeida"
    },
    {
        "celular": "913839348",
        "cpf": "641748048-85",
        "end": "Rua Angelindo Carareto, no. 38, cep 580081-978, Monte Belo, Linhares",
        "nome": "Lucas Pereira Dias Fernandes"
    },
    {
        "celular": "891553674",
        "cpf": "840168777-39",
        "end": "Beco Antenor Falc\u00e3o, no. 25, cep 488762-492, Santo Andr\u00e9, Serra",
        "nome": "Isabelly Nascimento"
    },
    {
        "celular": "951766331",
        "cpf": "977050575-66",
        "end": "Travessa \u00c2ngelo Zardine, no. 100, cep 782103-116, Itarar\u00e9, Iconha",
        "nome": "Mait\u00ea Santos Ara\u00fajo Fernandes"
    },
    {
        "celular": "884524299",
        "cpf": "666924459-89",
        "end": "Beco An\u00edsio Pereira do Nascimento, no. 8, cep 974939-568, Maria Ortiz, Jacara\u00edpe",
        "nome": "Cec\u00edlia Barbosa Gomes Oliveira"
    },
    {
        "celular": "989852618",
        "cpf": "677686151-68",
        "end": "Rua Anselmo Serrat, no. 1, cep 692126-379, Santa L\u00facia, Linhares",
        "nome": "Enzo Gabriel Gomes Pinto"
    },
    {
        "celular": "951526938",
        "cpf": "933117601-82",
        "end": "Rua Alfredo Otto Drews, no. 79, cep 69141-589, Santo Andr\u00e9, Muniz Freire",
        "nome": "Ben\u00edcio Cavalcanti Costa Carvalho"
    },
    {
        "celular": "967850506",
        "cpf": "977278270-64",
        "end": "Rua Antenor Guimar\u00e3es, no. 70, cep 768002-080, Boa Vista, I\u00fana",
        "nome": "Luiza Rocha Fernandes Carvalho"
    },
    {
        "celular": "880981961",
        "cpf": "726222966-25",
        "end": "Escadaria Ant\u00edpo Francisco do Nascimento, no. 87, cep 825473-244, Monte Belo, Manguinhos",
        "nome": "Matheus Freitas Rocha Rodrigues"
    },
    {
        "celular": "936636769",
        "cpf": "782564089-47",
        "end": "Rua Anselmo Serrat, no. 60, cep 171937-424, Solon Borges, Nova Ven\u00e9cia",
        "nome": "Guilherme Dias Alves Gomes"
    },
    {
        "celular": "886749190",
        "cpf": "829093487-00",
        "end": "Beco Antenor Falc\u00e3o, no. 77, cep 386600-076, Bela Vista, Cariacica",
        "nome": "Jo\u00e3o Pedro Martins Barros Ribeiro"
    },
    {
        "celular": "941104933",
        "cpf": "969414516-76",
        "end": "Beco Andrelino Lucas dos Santos, no. 40, cep 725473-912, Carato\u00edra, Alegre",
        "nome": "Rafael Costa"
    },
    {
        "celular": "903414465",
        "cpf": "738254302-27",
        "end": "Beco Antenor Falc\u00e3o, no. 9, cep 509068-090, Maru\u00edpe, Iconha",
        "nome": "Rafaela Lima Costa"
    },
    {
        "celular": "969204375",
        "cpf": "772436258-42",
        "end": "Rua \u00c2ngelo Car\u00e3o, no. 92, cep 621611-470, Cruzamento, Nova Ven\u00e9cia",
        "nome": "Ant\u00f4nio Nascimento Fernandes Barbosa"
    },
    {
        "celular": "918134385",
        "cpf": "624058233-42",
        "end": "Pra\u00e7a Anita Francisca Crystello, no. 45, cep 101348-445, S\u00e3o Crist\u00f3v\u00e3o, Colatina",
        "nome": "J\u00falia Ara\u00fajo"
    },
    {
        "celular": "937319159",
        "cpf": "783787038-32",
        "end": "Rua Antiocho Carneiro de Mendon\u00e7a, no. 11, cep 616587-281, Horto, Manguinhos",
        "nome": "Pedro Henrique Monteiro Ara\u00fajo Carvalho"
    },
    {
        "celular": "907563336",
        "cpf": "889932585-07",
        "end": "Rua Ann\u00edbal Vieira Rabayolli, no. 55, cep 275383-159, Bento Ferreira, Nova Ven\u00e9cia",
        "nome": "Rafaela Mendes Cardoso Silva"
    },
    {
        "celular": "884361197",
        "cpf": "763253964-24",
        "end": "Travessa Alfredo Sampaio, no. 12, cep 961726-523, Jardim da Penha, Nova Almeida",
        "nome": "Antonella Castro Ara\u00fajo"
    },
    {
        "celular": "984560596",
        "cpf": "723979003-30",
        "end": "Ladeira Anthero Bra\u00eddo, no. 94, cep 759718-258, Bonfim, Colatina",
        "nome": "Isabelly Barbosa"
    },
    {
        "celular": "908881506",
        "cpf": "777023000-71",
        "end": "Travessa \u00c2ngelo Zardine, no. 60, cep 452381-532, Maru\u00edpe, Iconha",
        "nome": "Yasmin Santos"
    },
    {
        "celular": "966100543",
        "cpf": "832491744-37",
        "end": "Beco Andrelino Lucas dos Santos, no. 23, cep 664093-729, Morada de Camburi, Jacara\u00edpe",
        "nome": "Ana Clara Castro Silva"
    }
]