[
    {
        "marca": "CHEVROLET",
        "modelo": "CELTA",
        "placa": "UHW-3018",
        "quilometragem": "306070"
    },
    {
        "marca": "VOLKSWAGEN",
        "modelo": "VOYAGE",
        "placa": "MQX-4510",
        "quilometragem": "123367"
    },
    {
        "marca": "TOYOTA",
        "modelo": "ETIOS",
        "placa": "VUQ-2363",
        "quilometragem": "840557"
    },
    {
        "marca": "VOLKSWAGEN",
        "modelo": "JETA",
        "placa": "UWS-5017",
        "quilometragem": "102417"
    },
    {
        "marca": "HONDA",
        "modelo": "FIT",
        "placa": "OGL-9605",
        "quilometragem": "416967"
    },
    {
        "marca": "FIAT",
        "modelo": "STRADA",
        "placa": "MCE-3341",
        "quilometragem": "519579"
    },
    {
        "marca": "HONDA",
        "modelo": "CITY",
        "placa": "ZAH-8474",
        "quilometragem": "40918"
    },
    {
        "marca": "CHEVROLET",
        "modelo": "VECTRA",
        "placa": "RTT-2220",
        "quilometragem": "320246"
    },
    {
        "marca": "FIAT",
        "modelo": "TORO",
        "placa": "TXH-6110",
        "quilometragem": "983798"
    },
    {
        "marca": "PEUGEOT",
        "modelo": "207",
        "placa": "FWR-6398",
        "quilometragem": "371414"
    },
    {
        "marca": "TOYOTA",
        "modelo": "ETIOS SEDAN",
        "placa": "PFB-4530",
        "quilometragem": "643654"
    },
    {
        "marca": "HONDA",
        "modelo": "HR-V",
        "placa": "FAI-8005",
        "quilometragem": "691239"
    },
    {
        "marca": "HONDA",
        "modelo": "CITY",
        "placa": "ZLU-8487",
        "quilometragem": "259940"
    },
    {
        "marca": "CITRO\u00c3\u2039N",
        "modelo": "C3",
        "placa": "LZX-3140",
        "quilometragem": "17451"
    },
    {
        "marca": "VOLKSWAGEN",
        "modelo": "FOX",
        "placa": "IHT-6997",
        "quilometragem": "661727"
    },
    {
        "marca": "RENAULT",
        "modelo": "KWID",
        "placa": "YYA-1717",
        "quilometragem": "634605"
    },
    {
        "marca": "FORD",
        "modelo": "ECOSPORT",
        "placa": "UIF-9525",
        "quilometragem": "728925"
    },
    {
        "marca": "CHEVROLET",
        "modelo": "ONIX",
        "placa": "SPQ-4348",
        "quilometragem": "973677"
    },
    {
        "marca": "FIAT",
        "modelo": "UNO",
        "placa": "LFS-8535",
        "quilometragem": "295721"
    },
    {
        "marca": "CHEVROLET",
        "modelo": "CELTA",
        "placa": "JVM-6993",
        "quilometragem": "736752"
    },
    {
        "marca": "CHEVROLET",
        "modelo": "VECTRA",
        "placa": "FSW-8021",
        "quilometragem": "109924"
    },
    {
        "marca": "FORD",
        "modelo": "FIESTA",
        "placa": "CCR-2858",
        "quilometragem": "998247"
    },
    {
        "marca": "TOYOTA",
        "modelo": "COROLLA",
        "placa": "ROP-7053",
        "quilometragem": "472050"
    },
    {
        "marca": "VOLKSWAGEN",
        "modelo": "GOLF",
        "placa": "WVY-1938",
        "quilometragem": "518304"
    },
    {
        "marca": "CHEVROLET",
        "modelo": "CLASSIC",
        "placa": "QCV-2101",
        "quilometragem": "442641"
    },
    {
        "marca": "HONDA",
        "modelo": "CIVIC",
        "placa": "TAT-8229",
        "quilometragem": "559893"
    },
    {
        "marca": "FIAT",
        "modelo": "TORO",
        "placa": "TLI-8783",
        "quilometragem": "853165"
    },
    {
        "marca": "HONDA",
        "modelo": "FIT",
        "placa": "HGL-5907",
        "quilometragem": "570090"
    },
    {
        "marca": "CHEVROLET",
        "modelo": "COBALT",
        "placa": "GRW-5241",
        "quilometragem": "395463"
    },
    {
        "marca": "VOLKSWAGEN",
        "modelo": "UP",
        "placa": "IZJ-2926",
        "quilometragem": "112932"
    },
    {
        "marca": "CHEVROLET",
        "modelo": "ONIX",
        "placa": "ZXG-5626",
        "quilometragem": "885442"
    },
    {
        "marca": "TOYOTA",
        "modelo": "HILUX",
        "placa": "ZDV-2142",
        "quilometragem": "679003"
    },
    {
        "marca": "HONDA",
        "modelo": "CIVIC",
        "placa": "ZIO-8005",
        "quilometragem": "113684"
    },
    {
        "marca": "HONDA",
        "modelo": "CIVIC",
        "placa": "JPQ-7270",
        "quilometragem": "649862"
    },
    {
        "marca": "TOYOTA",
        "modelo": "ETIOS SEDAN",
        "placa": "DQD-5219",
        "quilometragem": "355099"
    },
    {
        "marca": "CHEVROLET",
        "modelo": "COBALT",
        "placa": "ZDX-9015",
        "quilometragem": "537535"
    },
    {
        "marca": "CHEVROLET",
        "modelo": "CELTA",
        "placa": "YMO-2703",
        "quilometragem": "905525"
    },
    {
        "marca": "CITRO\u00c3\u2039N",
        "modelo": "C3",
        "placa": "GAN-8948",
        "quilometragem": "208544"
    },
    {
        "marca": "JEEP",
        "modelo": "RENEGADE",
        "placa": "AXS-1268",
        "quilometragem": "723768"
    },
    {
        "marca": "HONDA",
        "modelo": "FIT",
        "placa": "ALD-8959",
        "quilometragem": "515189"
    },
    {
        "marca": "JEEP",
        "modelo": "RENEGADE",
        "placa": "EFJ-3029",
        "quilometragem": "204759"
    },
    {
        "marca": "FIAT",
        "modelo": "IDEA",
        "placa": "CAI-2655",
        "quilometragem": "440773"
    },
    {
        "marca": "TOYOTA",
        "modelo": "HILUX",
        "placa": "ZEJ-8707",
        "quilometragem": "841926"
    },
    {
        "marca": "RENAULT",
        "modelo": "CAPTUR",
        "placa": "ICF-6948",
        "quilometragem": "709388"
    },
    {
        "marca": "CHEVROLET",
        "modelo": "ONIX",
        "placa": "FAA-8649",
        "quilometragem": "185821"
    },
    {
        "marca": "HONDA",
        "modelo": "FIT",
        "placa": "SEC-9133",
        "quilometragem": "86527"
    },
    {
        "marca": "FORD",
        "modelo": "FOCUS",
        "placa": "BGU-2666",
        "quilometragem": "148962"
    },
    {
        "marca": "FIAT",
        "modelo": "TORO",
        "placa": "ICD-9786",
        "quilometragem": "120493"
    },
    {
        "marca": "CHEVROLET",
        "modelo": "ONIX",
        "placa": "CCJ-1604",
        "quilometragem": "467298"
    },
    {
        "marca": "FORD",
        "modelo": "FOCUS",
        "placa": "PQG-4556",
        "quilometragem": "632750"
    },
    {
        "marca": "CHEVROLET",
        "modelo": "ONIX",
        "placa": "XLY-7312",
        "quilometragem": "485345"
    },
    {
        "marca": "FORD",
        "modelo": "FOCUS",
        "placa": "KRQ-4884",
        "quilometragem": "680469"
    },
    {
        "marca": "HONDA",
        "modelo": "CITY",
        "placa": "EJA-7034",
        "quilometragem": "243392"
    },
    {
        "marca": "FIAT",
        "modelo": "SIENA",
        "placa": "HGQ-1840",
        "quilometragem": "160993"
    },
    {
        "marca": "FIAT",
        "modelo": "UNO",
        "placa": "NOC-6197",
        "quilometragem": "688227"
    },
    {
        "marca": "JEEP",
        "modelo": "RENEGADE",
        "placa": "JYM-8109",
        "quilometragem": "698245"
    },
    {
        "marca": "CHEVROLET",
        "modelo": "PRISMA",
        "placa": "CAW-4126",
        "quilometragem": "22825"
    },
    {
        "marca": "VOLKSWAGEN",
        "modelo": "SPACEFOX",
        "placa": "IRO-8580",
        "quilometragem": "376526"
    },
    {
        "marca": "FORD",
        "modelo": "FIESTA",
        "placa": "DCB-5583",
        "quilometragem": "994566"
    },
    {
        "marca": "CHEVROLET",
        "modelo": "CORSA",
        "placa": "AWU-7923",
        "quilometragem": "228605"
    },
    {
        "marca": "FIAT",
        "modelo": "IDEA",
        "placa": "WXI-1321",
        "quilometragem": "131216"
    },
    {
        "marca": "CHEVROLET",
        "modelo": "CORSA",
        "placa": "FCC-6142",
        "quilometragem": "63030"
    },
    {
        "marca": "TOYOTA",
        "modelo": "HILUX",
        "placa": "PEG-3760",
        "quilometragem": "489361"
    },
    {
        "marca": "AUDI",
        "modelo": "A3",
        "placa": "XUA-9721",
        "quilometragem": "839919"
    },
    {
        "marca": "CHEVROLET",
        "modelo": "ONIX",
        "placa": "RVZ-9991",
        "quilometragem": "281837"
    },
    {
        "marca": "CHEVROLET",
        "modelo": "PRISMA",
        "placa": "GWK-1839",
        "quilometragem": "389971"
    },
    {
        "marca": "VOLKSWAGEN",
        "modelo": "SPACEFOX",
        "placa": "WUU-2959",
        "quilometragem": "512494"
    },
    {
        "marca": "FIAT",
        "modelo": "PALIO",
        "placa": "JID-6747",
        "quilometragem": "602447"
    },
    {
        "marca": "FIAT",
        "modelo": "SIENA",
        "placa": "QMZ-5614",
        "quilometragem": "137344"
    },
    {
        "marca": "FIAT",
        "modelo": "MOBI",
        "placa": "IGR-9428",
        "quilometragem": "949297"
    },
    {
        "marca": "TOYOTA",
        "modelo": "HILUX",
        "placa": "YBG-6718",
        "quilometragem": "830766"
    },
    {
        "marca": "TOYOTA",
        "modelo": "HILUX",
        "placa": "GIJ-3850",
        "quilometragem": "871380"
    },
    {
        "marca": "CHEVROLET",
        "modelo": "ONIX",
        "placa": "JJZ-6486",
        "quilometragem": "721939"
    },
    {
        "marca": "HYUNDAI",
        "modelo": "TUCSON",
        "placa": "ZGH-1406",
        "quilometragem": "832107"
    },
    {
        "marca": "CHEVROLET",
        "modelo": "CELTA",
        "placa": "XSA-8236",
        "quilometragem": "339477"
    },
    {
        "marca": "CHEVROLET",
        "modelo": "ONIX",
        "placa": "IHA-3440",
        "quilometragem": "239655"
    },
    {
        "marca": "FORD",
        "modelo": "ECOSPORT",
        "placa": "KSC-8558",
        "quilometragem": "30291"
    },
    {
        "marca": "CHEVROLET",
        "modelo": "ONIX",
        "placa": "MDW-8991",
        "quilometragem": "60071"
    },
    {
        "marca": "RENAULT",
        "modelo": "DUSTER",
        "placa": "ITM-4626",
        "quilometragem": "710631"
    },
    {
        "marca": "VOLKSWAGEN",
        "modelo": "VOYAGE",
        "placa": "JDQ-6777",
        "quilometragem": "858068"
    },
    {
        "marca": "FIAT",
        "modelo": "STRADA",
        "placa": "IFF-1377",
        "quilometragem": "149891"
    },
    {
        "marca": "FORD",
        "modelo": "ECOSPORT",
        "placa": "ZZD-9049",
        "quilometragem": "341190"
    },
    {
        "marca": "FORD",
        "modelo": "FIESTA",
        "placa": "RGC-9955",
        "quilometragem": "413541"
    },
    {
        "marca": "HONDA",
        "modelo": "CITY",
        "placa": "MMT-5940",
        "quilometragem": "502407"
    },
    {
        "marca": "RENAULT",
        "modelo": "KWID",
        "placa": "IHH-5511",
        "quilometragem": "693676"
    },
    {
        "marca": "TOYOTA",
        "modelo": "COROLLA",
        "placa": "TFH-3139",
        "quilometragem": "423054"
    },
    {
        "marca": "RENAULT",
        "modelo": "CLIO",
        "placa": "PIE-8516",
        "quilometragem": "163186"
    },
    {
        "marca": "VOLKSWAGEN",
        "modelo": "UP",
        "placa": "UCM-3367",
        "quilometragem": "187853"
    },
    {
        "marca": "FIAT",
        "modelo": "TORO",
        "placa": "VGW-3686",
        "quilometragem": "484059"
    },
    {
        "marca": "TOYOTA",
        "modelo": "COROLLA",
        "placa": "BWD-7544",
        "quilometragem": "239936"
    },
    {
        "marca": "VOLKSWAGEN",
        "modelo": "FOX",
        "placa": "AOH-7187",
        "quilometragem": "453095"
    },
    {
        "marca": "VOLKSWAGEN",
        "modelo": "SPACEFOX",
        "placa": "UJU-4474",
        "quilometragem": "338405"
    },
    {
        "marca": "RENAULT",
        "modelo": "KWID",
        "placa": "RJI-3644",
        "quilometragem": "679649"
    },
    {
        "marca": "FIAT",
        "modelo": "PALIO",
        "placa": "JFE-3484",
        "quilometragem": "814621"
    },
    {
        "marca": "CHEVROLET",
        "modelo": "PRISMA",
        "placa": "JDJ-4502",
        "quilometragem": "105207"
    },
    {
        "marca": "CHEVROLET",
        "modelo": "CAPTIVA",
        "placa": "FNT-4888",
        "quilometragem": "487073"
    },
    {
        "marca": "CHEVROLET",
        "modelo": "VECTRA",
        "placa": "FUU-9469",
        "quilometragem": "162799"
    },
    {
        "marca": "HYUNDAI",
        "modelo": "HB20",
        "placa": "EZF-1774",
        "quilometragem": "130098"
    },
    {
        "marca": "RENAULT",
        "modelo": "CAPTUR",
        "placa": "VBX-3195",
        "quilometragem": "494427"
    },
    {
        "marca": "CITRO\u00c3\u2039N",
        "modelo": "C3",
        "placa": "KDG-2761",
        "quilometragem": "930653"
    },
    {
        "marca": "HYUNDAI",
        "modelo": "I30",
        "placa": "ZSG-8451",
        "quilometragem": "372168"
    },
    {
        "marca": "FIAT",
        "modelo": "PALIO WEEKEND",
        "placa": "HKO-5375",
        "quilometragem": "746296"
    },
    {
        "marca": "CHEVROLET",
        "modelo": "COBALT",
        "placa": "ZFL-9619",
        "quilometragem": "890384"
    },
    {
        "marca": "HONDA",
        "modelo": "FIT",
        "placa": "XHY-6370",
        "quilometragem": "876454"
    },
    {
        "marca": "VOLKSWAGEN",
        "modelo": "UP",
        "placa": "RSY-7397",
        "quilometragem": "530694"
    },
    {
        "marca": "TOYOTA",
        "modelo": "ETIOS",
        "placa": "ADW-2760",
        "quilometragem": "348016"
    },
    {
        "marca": "FIAT",
        "modelo": "PUNTO",
        "placa": "MNR-4178",
        "quilometragem": "372721"
    },
    {
        "marca": "CHEVROLET",
        "modelo": "VECTRA",
        "placa": "PJD-1954",
        "quilometragem": "271192"
    },
    {
        "marca": "RENAULT",
        "modelo": "SANDERO",
        "placa": "BCV-6100",
        "quilometragem": "369539"
    },
    {
        "marca": "RENAULT",
        "modelo": "DUSTER",
        "placa": "VRW-2429",
        "quilometragem": "33212"
    },
    {
        "marca": "RENAULT",
        "modelo": "DUSTER",
        "placa": "TWS-1481",
        "quilometragem": "797344"
    },
    {
        "marca": "AUDI",
        "modelo": "A3",
        "placa": "ENE-8919",
        "quilometragem": "318233"
    },
    {
        "marca": "JEEP",
        "modelo": "RENEGADE",
        "placa": "BHY-6441",
        "quilometragem": "314078"
    },
    {
        "marca": "TOYOTA",
        "modelo": "COROLLA",
        "placa": "WPH-5710",
        "quilometragem": "966731"
    },
    {
        "marca": "FIAT",
        "modelo": "STRADA",
        "placa": "TPH-3396",
        "quilometragem": "707598"
    },
    {
        "marca": "VOLKSWAGEN",
        "modelo": "SAVEIRO",
        "placa": "MXD-8656",
        "quilometragem": "22812"
    },
    {
        "marca": "RENAULT",
        "modelo": "SANDERO",
        "placa": "MCR-4225",
        "quilometragem": "809299"
    },
    {
        "marca": "HONDA",
        "modelo": "HR-V",
        "placa": "NVQ-3506",
        "quilometragem": "882650"
    },
    {
        "marca": "TOYOTA",
        "modelo": "COROLLA",
        "placa": "MWB-1572",
        "quilometragem": "848586"
    },
    {
        "marca": "CHEVROLET",
        "modelo": "CORSA",
        "placa": "ONC-1648",
        "quilometragem": "781756"
    },
    {
        "marca": "JEEP",
        "modelo": "RENEGADE",
        "placa": "IAR-4053",
        "quilometragem": "401230"
    },
    {
        "marca": "RENAULT",
        "modelo": "LOGAN",
        "placa": "BSF-3890",
        "quilometragem": "764271"
    },
    {
        "marca": "VOLKSWAGEN",
        "modelo": "VOYAGE",
        "placa": "UCB-9257",
        "quilometragem": "573441"
    },
    {
        "marca": "FIAT",
        "modelo": "TORO",
        "placa": "BQK-5190",
        "quilometragem": "544619"
    },
    {
        "marca": "FIAT",
        "modelo": "STRADA",
        "placa": "QGA-1412",
        "quilometragem": "933631"
    },
    {
        "marca": "FORD",
        "modelo": "FOCUS",
        "placa": "GQD-5419",
        "quilometragem": "990790"
    },
    {
        "marca": "VOLKSWAGEN",
        "modelo": "SAVEIRO",
        "placa": "NPO-9736",
        "quilometragem": "942572"
    },
    {
        "marca": "HONDA",
        "modelo": "HR-V",
        "placa": "SNT-7582",
        "quilometragem": "627008"
    },
    {
        "marca": "CHEVROLET",
        "modelo": "CLASSIC",
        "placa": "MYT-1956",
        "quilometragem": "536956"
    },
    {
        "marca": "FIAT",
        "modelo": "TORO",
        "placa": "BMU-8572",
        "quilometragem": "798625"
    },
    {
        "marca": "CHEVROLET",
        "modelo": "CORSA",
        "placa": "SEF-3616",
        "quilometragem": "527276"
    },
    {
        "marca": "FORD",
        "modelo": "FOCUS",
        "placa": "YVA-7613",
        "quilometragem": "888592"
    },
    {
        "marca": "CHEVROLET",
        "modelo": "PRISMA",
        "placa": "DPI-8217",
        "quilometragem": "825736"
    },
    {
        "marca": "VOLKSWAGEN",
        "modelo": "UP",
        "placa": "JTD-9168",
        "quilometragem": "557052"
    },
    {
        "marca": "FIAT",
        "modelo": "TORO",
        "placa": "NCQ-5191",
        "quilometragem": "713719"
    },
    {
        "marca": "RENAULT",
        "modelo": "LOGAN",
        "placa": "DVV-8740",
        "quilometragem": "620626"
    },
    {
        "marca": "CHEVROLET",
        "modelo": "CELTA",
        "placa": "AVR-7240",
        "quilometragem": "646315"
    },
    {
        "marca": "FIAT",
        "modelo": "MOBI",
        "placa": "FDX-6513",
        "quilometragem": "576128"
    },
    {
        "marca": "VOLKSWAGEN",
        "modelo": "VOYAGE",
        "placa": "NMK-1420",
        "quilometragem": "299112"
    },
    {
        "marca": "VOLKSWAGEN",
        "modelo": "VOYAGE",
        "placa": "YHH-6228",
        "quilometragem": "241332"
    },
    {
        "marca": "FORD",
        "modelo": "KA",
        "placa": "JQZ-1839",
        "quilometragem": "798957"
    },
    {
        "marca": "CHEVROLET",
        "modelo": "CLASSIC",
        "placa": "JCG-9343",
        "quilometragem": "15217"
    },
    {
        "marca": "FORD",
        "modelo": "FOCUS",
        "placa": "ICB-9118",
        "quilometragem": "886960"
    },
    {
        "marca": "RENAULT",
        "modelo": "CLIO",
        "placa": "CEK-6127",
        "quilometragem": "207582"
    },
    {
        "marca": "RENAULT",
        "modelo": "KWID",
        "placa": "RUS-4619",
        "quilometragem": "381208"
    },
    {
        "marca": "VOLKSWAGEN",
        "modelo": "FUSCA",
        "placa": "YDI-1402",
        "quilometragem": "320809"
    },
    {
        "marca": "NISSAN",
        "modelo": "MARCH",
        "placa": "ZCM-5565",
        "quilometragem": "762386"
    },
    {
        "marca": "TOYOTA",
        "modelo": "COROLLA",
        "placa": "YIY-8451",
        "quilometragem": "180042"
    },
    {
        "marca": "FIAT",
        "modelo": "TORO",
        "placa": "JXJ-8182",
        "quilometragem": "696658"
    }
]